Link,Badge,Title,Corporation
https://www.saramin.co.kr/zf_user/jobs/relay/view?isMypage=no&rec_idx=50311310,,[Backend] 경력직 Python 개발자 채용,아이디벨롭 주식회사
https://www.saramin.co.kr/zf_user/jobs/relay/view?isMypage=no&rec_idx=50154042,스타트업,[wheres] Backend Engineer (5년 이상),(주)데이블
https://www.saramin.co.kr/zf_user/jobs/relay/view?isMypage=no&rec_idx=50640339,,[글로벌/iGaming]Java Backend Server Engineer(Platform NP팀),(주)에이스파트너스서치펌
https://www.saramin.co.kr/zf_user/jobs/relay/view?isMypage=no&rec_idx=50461080,,[Spring] Backend Engineer - 5년차 이상,(주)에이아이커넥트
https://www.saramin.co.kr/zf_user/jobs/relay/view?isMypage=no&rec_idx=50442002,취업축하금,Backend Engineer(5년 이상),(주)콜로세움코퍼레이션
https://www.saramin.co.kr/zf_user/jobs/relay/view?isMypage=no&rec_idx=50591304,IT개발·데이터 지원 급상승,[글로벌/게임] Java Backend Server Engineer(Platform GP팀),(주)에이스파트너스서치펌
https://www.saramin.co.kr/zf_user/jobs/relay/view?isMypage=no&rec_idx=50644815,오늘 뜬,Backend SW Engineering (GCP 기반의 Golang 사용/ 영어필수),(주)스카우트플랜
https://www.saramin.co.kr/zf_user/jobs/relay/view?isMypage=no&rec_idx=50479620,취업축하금,솔루션 백엔드(Backend) 개발자,(주)노아시스템즈
https://www.saramin.co.kr/zf_user/jobs/relay/view?isMypage=no&rec_idx=50470314,취업축하금,Software Engineer - Backend,(주)업스테이지
https://www.saramin.co.kr/zf_user/jobs/relay/view?isMypage=no&rec_idx=50650979,오늘 뜬,Backend개발 및 운영자 - 전자결제 대행사,베스트파트너스
https://www.saramin.co.kr/zf_user/jobs/relay/view?isMypage=no&rec_idx=50542651,연봉상승률 10% 이상,[IT/엔지니어] Backend Engineer,로버트월터스코리아(주)
https://www.saramin.co.kr/zf_user/jobs/relay/view?isMypage=no&rec_idx=50592102,스타트업,(주)CK&B Backend 개발자(경력직 3년 이상) 채용,(주)씨케이앤비
https://www.saramin.co.kr/zf_user/jobs/relay/view?isMypage=no&rec_idx=50617925,급성장중,[백엔드/서버개발] Front / Backend 개발자,(주)페이즘
https://www.saramin.co.kr/zf_user/jobs/relay/view?isMypage=no&rec_idx=50566822,취업축하금,Tech - Backend Engineer,(주)벙커키즈
https://www.saramin.co.kr/zf_user/jobs/relay/view?isMypage=no&rec_idx=50474905,취업축하금,[Spring] Backend Engineer (5년차 이상),(주)에이아이커넥트
https://www.saramin.co.kr/zf_user/jobs/relay/view?isMypage=no&rec_idx=50512205,취업축하금,Backend 개발자,스마트푸드네트웍스(주)
https://www.saramin.co.kr/zf_user/jobs/relay/view?isMypage=no&rec_idx=50463734,평균연봉 상위 10%,DRM팀 백엔드 개발자 경력 (Backend Engineer),주식회사 도브러너
https://www.saramin.co.kr/zf_user/jobs/relay/view?isMypage=no&rec_idx=50577315,취업축하금,Sr. Backend Engineer (Go),(주)센트비
https://www.saramin.co.kr/zf_user/jobs/relay/view?isMypage=no&rec_idx=50469748,취업축하금,Backend Engineer,주식회사 에스티씨랩
https://www.saramin.co.kr/zf_user/jobs/relay/view?isMypage=no&rec_idx=50544812,취업축하금,MVL [TADA] Backend Engineer 채용,(주)이지식스
https://www.saramin.co.kr/zf_user/jobs/relay/view?isMypage=no&rec_idx=50479364,취업축하금,Backend Developer(백엔드 개발자),(주)뷰런테크놀로지
https://www.saramin.co.kr/zf_user/jobs/relay/view?isMypage=no&rec_idx=50283999,IT개발·데이터 지원 급상승,(주)씨지인사이드 Backend 개발자 채용,(주)씨지인사이드
https://www.saramin.co.kr/zf_user/jobs/relay/view?isMypage=no&rec_idx=50508633,연봉상승률 20% 이상,[BackEnd Engineer] 채용 (경력),(주)어메스
https://www.saramin.co.kr/zf_user/jobs/relay/view?isMypage=no&rec_idx=46740038,취업축하금,IOT 및 Backend 개발자,(주)고스트패스
https://www.saramin.co.kr/zf_user/jobs/relay/view?isMypage=no&rec_idx=50640383,,[글로벌/iGaming] Backend (경력5년-),(주)에이스파트너스서치펌
https://www.saramin.co.kr/zf_user/jobs/relay/view?isMypage=no&rec_idx=50521905,취업축하금,Backend Junior Engineer(PHP/Python),(주)코비그룹
https://www.saramin.co.kr/zf_user/jobs/relay/view?isMypage=no&rec_idx=50532697,취업축하금,Backend Engineer (5년이상),(주)그릿스탠다드
https://www.saramin.co.kr/zf_user/jobs/relay/view?isMypage=no&rec_idx=50648987,취업축하금,Sr. Backend Engineer,(주)에이아이트릭스
https://www.saramin.co.kr/zf_user/jobs/relay/view?isMypage=no&rec_idx=50569030,취업축하금,Senior Backend Engineer 채용,스마일드래곤(주)
https://www.saramin.co.kr/zf_user/jobs/relay/view?isMypage=no&rec_idx=50551610,IT개발·데이터 지원 급상승,Web Backend Engineer(경력),(주)바이오리서치에이아이
https://www.saramin.co.kr/zf_user/jobs/relay/view?isMypage=no&rec_idx=50650520,취업축하금,Backend Software Engineer,뉴로퓨전(주)
https://www.saramin.co.kr/zf_user/jobs/relay/view?isMypage=no&rec_idx=50577343,,[플라잎/분당] Backend Engineer 주니어 채용,(주)플라잎
https://www.saramin.co.kr/zf_user/jobs/relay/view?isMypage=no&rec_idx=50413112,취업축하금,[개발] Backend Developer,(주)빌드코퍼레이션
https://www.saramin.co.kr/zf_user/jobs/relay/view?isMypage=no&rec_idx=50443858,워라밸,[STRADVISION] Backend Software Engineer(Seoul),스트라드비젼(STRADVISION)
https://www.saramin.co.kr/zf_user/jobs/relay/view?isMypage=no&rec_idx=50406852,,[플라잎 로봇] Backend Engineer 주니어 채용,(주)플라잎
https://www.saramin.co.kr/zf_user/jobs/relay/view?isMypage=no&rec_idx=50639215,,"Backend Software Engineer, Tech Lead",커리어메타써치
https://www.saramin.co.kr/zf_user/jobs/relay/view?isMypage=no&rec_idx=50246788,재택근무,"[오늘의집페이] Senior Software Engineer, Backend",(주)오늘의집페이
https://www.saramin.co.kr/zf_user/jobs/relay/view?isMypage=no&rec_idx=50546043,,[ Java Backend Server Engineer ] iGaming 글로벌 개발 스튜디,쓰리핸즈(3Handz)
https://www.saramin.co.kr/zf_user/jobs/relay/view?isMypage=no&rec_idx=50356973,,가상자산서비스 Backend 정규직 채용,비댁스(주)
https://www.saramin.co.kr/zf_user/jobs/relay/view?isMypage=no&rec_idx=50146586,급성장중,[eMoldino] 주니어 Backend 개발자,(주)이몰디노
https://www.saramin.co.kr/zf_user/jobs/relay/view?isMypage=no&rec_idx=50591332,시리즈B 투자유치,백엔드 개발자(병역특례/전문연구요원) 채용,디어젠(주)
https://www.saramin.co.kr/zf_user/jobs/relay/view?isMypage=no&rec_idx=50507236,취업축하금,인증보안 백엔드 개발자,펜타시큐리티(주)
https://www.saramin.co.kr/zf_user/jobs/relay/view?isMypage=no&rec_idx=50635504,,"[외국계 보험사] 백엔드 (과/차장급, 정규직)",(주)리앤파트너
https://www.saramin.co.kr/zf_user/jobs/relay/view?isMypage=no&rec_idx=50647513,취업축하금,Back End - 거래소 서비스개발 (7년↑),(주)빗썸코리아
https://www.saramin.co.kr/zf_user/jobs/relay/view?isMypage=no&rec_idx=50647511,취업축하금,Back End - 거래소 서비스 개발(3년↑),(주)빗썸코리아
https://www.saramin.co.kr/zf_user/jobs/relay/view?isMypage=no&rec_idx=50558690,Seed 투자유치,백엔드 개발자(경력) 모집,(주)플랜핏
https://www.saramin.co.kr/zf_user/jobs/relay/view?isMypage=no&rec_idx=50559879,인기있는,AI 및 라이브 기반 반려동물 양육 플랫폼 백엔드 개발자 채용,플레이워크
https://www.saramin.co.kr/zf_user/jobs/relay/view?isMypage=no&rec_idx=50590554,취업축하금,Spring 백엔드 개발자 추가 모집,(주)마스터웨이
https://www.saramin.co.kr/zf_user/jobs/relay/view?isMypage=no&rec_idx=50483364,평균연봉 상위 10%,백엔드(서버) 개발자 채용,(주)세나테크놀로지
https://www.saramin.co.kr/zf_user/jobs/relay/view?isMypage=no&rec_idx=50496329,,백엔드 개발자,퍼스트해빗 주식회사
https://www.saramin.co.kr/zf_user/jobs/relay/view?isMypage=no&rec_idx=50233038,,Back-end 엔지니어 모집 (경력),파인테크소프트 주식회사
https://www.saramin.co.kr/zf_user/jobs/relay/view?isMypage=no&rec_idx=50641517,,백엔드 개발 리더 (영어) / 광고 솔루션 개발 / 외국계 / 강남구,위더스파트너스(주)
https://www.saramin.co.kr/zf_user/jobs/relay/view?isMypage=no&rec_idx=50484725,취업축하금,백엔드(서버) 개발자 채용,(주)세나테크놀로지
https://www.saramin.co.kr/zf_user/jobs/relay/view?isMypage=no&rec_idx=50499309,취업축하금,백엔드 경력 채용 (10년 이상),텐빌리언
https://www.saramin.co.kr/zf_user/jobs/relay/view?isMypage=no&rec_idx=50564519,인기있는,백엔드 개발자 채용(신입&경력),딜리트
https://www.saramin.co.kr/zf_user/jobs/relay/view?isMypage=no&rec_idx=50426861,취업축하금,Back-End 개발자(3년 이상 필수),오로라파이브
https://www.saramin.co.kr/zf_user/jobs/relay/view?isMypage=no&rec_idx=50627587,자유로운 연차,프론트엔드/백엔드 부문 능력자 채용,(주)소만사
https://www.saramin.co.kr/zf_user/jobs/relay/view?isMypage=no&rec_idx=50614367,IT개발·데이터 지원 급상승,"CMS 및 콘텐츠 제어 서비스 : 프론트엔드, 백엔드 개발자 모집",(주)라이디스
https://www.saramin.co.kr/zf_user/jobs/relay/view?isMypage=no&rec_idx=50270421,IT개발·데이터 스크랩 급상승,[그라비티] Back-end 개발자 경력 채용,(주)그라비티
https://www.saramin.co.kr/zf_user/jobs/relay/view?isMypage=no&rec_idx=50499302,취업축하금,백엔드 경력 채용 (6~9년),텐빌리언
https://www.saramin.co.kr/zf_user/jobs/relay/view?isMypage=no&rec_idx=50616585,워라밸,헥토이노베이션 CP개발팀 백엔드 개발 (경력),(주)헥토이노베이션
https://www.saramin.co.kr/zf_user/jobs/relay/view?isMypage=no&rec_idx=50499298,취업축하금,백엔드 경력 채용 (2~5년),텐빌리언
https://www.saramin.co.kr/zf_user/jobs/relay/view?isMypage=no&rec_idx=50414398,취업축하금,Back End - 거래소 서비스개발 (7년↑),(주)빗썸코리아
https://www.saramin.co.kr/zf_user/jobs/relay/view?isMypage=no&rec_idx=50404579,인기있는,[풀스택 개발자] 백엔드/서버개발 경력직 모집,(주)인스웨이브
https://www.saramin.co.kr/zf_user/jobs/relay/view?isMypage=no&rec_idx=50439789,취업축하금,Back-End 개발자(3년 이상 필수),오로라파이브
https://www.saramin.co.kr/zf_user/jobs/relay/view?isMypage=no&rec_idx=50541383,연봉상승률 10% 이상,백엔드 개발자(PHP) 팀원,(주)테크랩스
https://www.saramin.co.kr/zf_user/jobs/relay/view?isMypage=no&rec_idx=50602371,취업축하금,백엔드개발자 시니어채용(8~10년),(주)비큐에이아이
https://www.saramin.co.kr/zf_user/jobs/relay/view?isMypage=no&rec_idx=50494961,프리한 복장,"백엔드(스크랭핑 API, API 서버개발) 실력있는 개발자 구인함.",(주)블루라이언스
https://www.saramin.co.kr/zf_user/jobs/relay/view?isMypage=no&rec_idx=50432753,취업축하금,K8S 구축 백엔드 빅데이터 개발자,(주)미리비트
https://www.saramin.co.kr/zf_user/jobs/relay/view?isMypage=no&rec_idx=50602362,취업축하금,백엔드개발자 시니어채용(11~13년),(주)비큐에이아이
https://www.saramin.co.kr/zf_user/jobs/relay/view?isMypage=no&rec_idx=50609494,워라밸,서비스개발본부 백엔드개발팀 백엔드개발자,주식회사비큐에이아이
https://www.saramin.co.kr/zf_user/jobs/relay/view?isMypage=no&rec_idx=50592084,IT개발·데이터 지원 급상승,개발자(프론트/백엔드/SA/AA) 경력 채용,(주)솔로몬텍
https://www.saramin.co.kr/zf_user/jobs/relay/view?isMypage=no&rec_idx=50529466,취업축하금,웹어플리케이션 백엔드 경력 (2년↑),(주)이글루코퍼레이션
https://www.saramin.co.kr/zf_user/jobs/relay/view?isMypage=no&rec_idx=50602313,취업축하금,백엔드 엔지니어 채용,(주)크레버스
https://www.saramin.co.kr/zf_user/jobs/relay/view?isMypage=no&rec_idx=50414406,취업축하금,Back End - 거래소 서비스 개발(3년↑),(주)빗썸코리아
https://www.saramin.co.kr/zf_user/jobs/relay/view?isMypage=no&rec_idx=50468758,연봉상승률 10% 이상,"[개발팀] 서비스 개발(Back-end, python)",오아(주)
https://www.saramin.co.kr/zf_user/jobs/relay/view?isMypage=no&rec_idx=50556881,급성장중,[커넥트웨이브] 메이크샵 백엔드 개발자(Data실),(주)커넥트웨이브
https://www.saramin.co.kr/zf_user/jobs/relay/view?isMypage=no&rec_idx=50542576,취업축하금,백엔드 개발자(PHP) 팀원,(주)테크랩스
https://www.saramin.co.kr/zf_user/jobs/relay/view?isMypage=no&rec_idx=50520817,시리즈A 투자유치,[미리캔버스] 시니어 백엔드 개발자,(주)미리디
https://www.saramin.co.kr/zf_user/jobs/relay/view?isMypage=no&rec_idx=50441900,취업축하금,[IT] 백엔드 SW개발 (전자차트),(주)덴티움
https://www.saramin.co.kr/zf_user/jobs/relay/view?isMypage=no&rec_idx=50646000,오늘 뜬,[AI영상 솔루션업체] backend 라이선스 개발자 경력직,(주)맨토스파워
https://www.saramin.co.kr/zf_user/jobs/relay/view?isMypage=no&rec_idx=50405432,취업축하금,Sr. Backend Engineer,(주)에이아이트릭스
https://www.saramin.co.kr/zf_user/jobs/relay/view?isMypage=no&rec_idx=50538958,급성장중,[외국계] Backend Engineer (백엔드 엔지니어),아나토마지코리아㈜
https://www.saramin.co.kr/zf_user/jobs/relay/view?isMypage=no&rec_idx=50279289,성과급/상여금,아마노코리아 연구소 Backend 개발자(Node.js) 채용,아마노코리아(주)
https://www.saramin.co.kr/zf_user/jobs/relay/view?isMypage=no&rec_idx=50590512,,[생보사] Backend Developer (정규직),시너지파트너즈(주)
https://www.saramin.co.kr/zf_user/jobs/relay/view?isMypage=no&rec_idx=50512012,취업축하금,[인공지능솔루션] Backend Engineer,(주)제논
https://www.saramin.co.kr/zf_user/jobs/relay/view?isMypage=no&rec_idx=50441165,,Backend 개발,(주)비상교육
https://www.saramin.co.kr/zf_user/jobs/relay/view?isMypage=no&rec_idx=50571553,연봉상승률 10% 이상,Backend(Laravel+Vue.js) 개발자채용,(주)아뮤즈
https://www.saramin.co.kr/zf_user/jobs/relay/view?isMypage=no&rec_idx=50566642,취업축하금,backend (python) 개발자,(주)씨메스
https://www.saramin.co.kr/zf_user/jobs/relay/view?isMypage=no&rec_idx=50421333,IT개발·데이터 스크랩 급상승,[창립멤버] 백엔드개발자(Backend Developer),(주)메타비션
https://www.saramin.co.kr/zf_user/jobs/relay/view?isMypage=no&rec_idx=50635391,취업축하금,Backend Engineer (Backend 엔지니어),(주)메이아이
https://www.saramin.co.kr/zf_user/jobs/relay/view?isMypage=no&rec_idx=50592307,,Backend 개발(과장급)-대기업금융사,엔터웨이파트너스
https://www.saramin.co.kr/zf_user/jobs/relay/view?isMypage=no&rec_idx=50519968,취업축하금,Backend developer,(주)유비퍼스트대원
https://www.saramin.co.kr/zf_user/jobs/relay/view?isMypage=no&rec_idx=50425207,인기있는,[신입/경력] Backend 개발자 채용,(주)데이터유니버스
https://www.saramin.co.kr/zf_user/jobs/relay/view?isMypage=no&rec_idx=50482437,취업축하금,[다나와개발본부] Backend Engineer,(주)커넥트웨이브
https://www.saramin.co.kr/zf_user/jobs/relay/view?isMypage=no&rec_idx=50559006,평균연봉 상위 10%,Backend 개발자 리더급 모집 (경력),( 주)투라인클라우드
https://www.saramin.co.kr/zf_user/jobs/relay/view?isMypage=no&rec_idx=50599029,연봉상승률 10% 이상,국내 카드사 IT카드개발팀 Backend 개발자 과장급,(주)브레인이공이
https://www.saramin.co.kr/zf_user/jobs/relay/view?isMypage=no&rec_idx=50650280,취업축하금,Backend Engineer (경력 8~12년),(주)위펀
https://www.saramin.co.kr/zf_user/jobs/relay/view?isMypage=no&rec_idx=50581883,취업축하금,Backend Engineer,(주)호패
https://www.saramin.co.kr/zf_user/jobs/relay/view?isMypage=no&rec_idx=50432285,Pre IPO 투자유치,[인피닉] 인공지능 연구소 AI서비스실 Backend팀 개발자 채용,(주)인피닉
https://www.saramin.co.kr/zf_user/jobs/relay/view?isMypage=no&rec_idx=50617147,인기있는,(주)플레도 Backend 개발자 신입/경력 채용,(주)플레도
https://www.saramin.co.kr/zf_user/jobs/relay/view?isMypage=no&rec_idx=50439004,시리즈C 투자유치,[Lunit] Senior Backend Engineer · Lunit SCOPE,(주)루닛
https://www.saramin.co.kr/zf_user/jobs/relay/view?isMypage=no&rec_idx=50155345,,MVL [TADA] Backend Engineer,(주)이지식스
https://www.saramin.co.kr/zf_user/jobs/relay/view?isMypage=no&rec_idx=50649169,오늘 뜬,Backend 엔지니어 모집,(주)알체라
https://www.saramin.co.kr/zf_user/jobs/relay/view?isMypage=no&rec_idx=50650290,취업축하금,Backend Engineer (경력 5~7년),(주)위펀
https://www.saramin.co.kr/zf_user/jobs/relay/view?isMypage=no&rec_idx=50429155,취업축하금,플랫폼개발팀 Backend 개발자 경력모집,(주)이브릿지
https://www.saramin.co.kr/zf_user/jobs/relay/view?isMypage=no&rec_idx=50443137,취업축하금,Backend팀 개발자 채용,(주)인피닉
https://www.saramin.co.kr/zf_user/jobs/relay/view?isMypage=no&rec_idx=50416568,취업축하금,Java Backend 서비스 개발자 모집,트럼피아(주)
https://www.saramin.co.kr/zf_user/jobs/relay/view?isMypage=no&rec_idx=50518435,취업축하금,backend 개발자 채용,(주)비하베스트
https://www.saramin.co.kr/zf_user/jobs/relay/view?isMypage=no&rec_idx=50529501,연봉상승률 10% 이상,이커머스 솔루션 Python Backend (백엔드)리드급 채용,(주)샐러드랩
https://www.saramin.co.kr/zf_user/jobs/relay/view?isMypage=no&rec_idx=50374748,500억 이상 투자유치,Junior Backend Application Engineer,(주)트릿지
https://www.saramin.co.kr/zf_user/jobs/relay/view?isMypage=no&rec_idx=50225616,시리즈C 투자유치,[위펀] 백엔드 개발 엔지니어 (backend),(주)위펀
https://www.saramin.co.kr/zf_user/jobs/relay/view?isMypage=no&rec_idx=50406675,급성장중,[BARO AI] Backend Developer 정규직(경력),(주)바로에이아이
https://www.saramin.co.kr/zf_user/jobs/relay/view?isMypage=no&rec_idx=50403333,"1,000억 이상 투자유치",[리디] Senior Backend Engineer,리디(주)
https://www.saramin.co.kr/zf_user/jobs/relay/view?isMypage=no&rec_idx=50425930,취업축하금,Backend Engineer (경력 5~7년),(주)위펀
https://www.saramin.co.kr/zf_user/jobs/relay/view?isMypage=no&rec_idx=50374737,500억 이상 투자유치,Senior Backend Application Engineer,(주)트릿지
https://www.saramin.co.kr/zf_user/jobs/relay/view?isMypage=no&rec_idx=50580347,취업축하금,Sr. Backend Engineer,(주)휴머스온
https://www.saramin.co.kr/zf_user/jobs/relay/view?isMypage=no&rec_idx=50544533,IT개발·데이터 스크랩 급상승,Backend 개발 전문가 모집(3년 이상 경력 우대),(주)엘핀
https://www.saramin.co.kr/zf_user/jobs/relay/view?isMypage=no&rec_idx=50560641,급성장중,전기차 충전기 백엔드(Backend) 서버 개발자 경력 채용,(주)이엘일렉트릭
https://www.saramin.co.kr/zf_user/jobs/relay/view?isMypage=no&rec_idx=50425937,취업축하금,Backend Engineer (경력 8~12년),(주)위펀
https://www.saramin.co.kr/zf_user/jobs/relay/view?isMypage=no&rec_idx=50321293,프리한 복장,[성수/중식제공] Devops 백엔드(BackEnd) 개발자(5년이상),(주)부드러운돌멩이
https://www.saramin.co.kr/zf_user/jobs/relay/view?isMypage=no&rec_idx=50551750,IT개발·데이터 지원 급상승,[글로벌최고뷰티플랫폼기업]-서버(백엔드) 개발자,(주)글로벌스카우트
https://www.saramin.co.kr/zf_user/jobs/relay/view?isMypage=no&rec_idx=50532894,취업축하금,백엔드 시니어 개발자,(주)딜리버리랩
https://www.saramin.co.kr/zf_user/jobs/relay/view?isMypage=no&rec_idx=50560033,취업축하금,백엔드 개발자(전환형 인턴),(주)링글잉글리시에듀케이션서비스
https://www.saramin.co.kr/zf_user/jobs/relay/view?isMypage=no&rec_idx=50599366,급성장중,Java Backend 개발자 3년이상(ESB 경험자 우대),피피에스(주)
https://www.saramin.co.kr/zf_user/jobs/relay/view?isMypage=no&rec_idx=50327837,연봉상승률 20% 이상,Backend 개발자,(주)제이씨에프테크놀러지
https://www.saramin.co.kr/zf_user/jobs/relay/view?isMypage=no&rec_idx=50641586,인기있는,[앱개발] 앱 백엔드 개발자 채용 [경력 3년 이상],키즐링(주)
https://www.saramin.co.kr/zf_user/jobs/relay/view?isMypage=no&rec_idx=50565460,"평균연봉 6,000 이상",카카오VX [계약직] 스크린백엔드개발팀 API개발자 채용,(주)카카오브이엑스
https://www.saramin.co.kr/zf_user/jobs/relay/view?isMypage=no&rec_idx=50592271,성과급/상여금,[토스모바일] 백엔드 개발 경력자 채용,토스모바일(주)
https://www.saramin.co.kr/zf_user/jobs/relay/view?isMypage=no&rec_idx=50638966,연봉상승률 10% 이상,Backend Developer,(주)파스토
https://www.saramin.co.kr/zf_user/jobs/relay/view?isMypage=no&rec_idx=50624664,인기있는,[원주/네오아리아] 개발자(Frontend/Backend) 신규 및 경력,주식회사 네오아리아
https://www.saramin.co.kr/zf_user/jobs/relay/view?isMypage=no&rec_idx=50622160,IT개발·데이터 지원 TOP100,[아비쥬그룹] 백엔드 주니어 채용,(주)위니언
https://www.saramin.co.kr/zf_user/jobs/relay/view?isMypage=no&rec_idx=50523499,,[애드테크/마케팅/리워드앱] 서버 개발자 (백엔드),원셀프월드(주)
https://www.saramin.co.kr/zf_user/jobs/relay/view?isMypage=no&rec_idx=50597800,연봉상승률 30% 이상,웹 개발(경력) 백엔드 개발자,(주)트라이캐치
https://www.saramin.co.kr/zf_user/jobs/relay/view?isMypage=no&rec_idx=50468042,연봉상승률 10% 이상,Back end / Sever 개발자 채용 공고,(주)위스마트
https://www.saramin.co.kr/zf_user/jobs/relay/view?isMypage=no&rec_idx=50645477,오늘 뜬,"Software Engineer, Backend - 커머스플랫폼",(주)놀유니버스
https://www.saramin.co.kr/zf_user/jobs/relay/view?isMypage=no&rec_idx=50438378,취업축하금,매쓰플랫 백엔드 개발자 채용(6년 이상),(주)프리윌린
https://www.saramin.co.kr/zf_user/jobs/relay/view?isMypage=no&rec_idx=50438907,취업축하금,PB워킹그룹 백엔드개발자(8년이상),(주)프리윌린
https://www.saramin.co.kr/zf_user/jobs/relay/view?isMypage=no&rec_idx=50640823,성과급/상여금,[세계적인 광고솔루션 기업] Backend SW Engineer - Tech Lead,구루넷
https://www.saramin.co.kr/zf_user/jobs/relay/view?isMypage=no&rec_idx=50534269,급성장중,[boundary] Node.js 백엔드 개발자 모집 (경력직),(주)인베스티
https://www.saramin.co.kr/zf_user/jobs/relay/view?isMypage=no&rec_idx=50540035,급성장중,[패션중견기업 이커머스자회사] 백엔드개발 채용,온리원파트너스(주)
https://www.saramin.co.kr/zf_user/jobs/relay/view?isMypage=no&rec_idx=50635838,취업축하금,웹(Back-End) 개발자 채용 (근무지/전주),(주)아이엠아이
https://www.saramin.co.kr/zf_user/jobs/relay/view?isMypage=no&rec_idx=50545576,평균연봉 상위 10%,[HYBE IM] 플랫폼 빌링시스템 백엔드 개발,(주)하이브아이엠
https://www.saramin.co.kr/zf_user/jobs/relay/view?isMypage=no&rec_idx=50217218,급성장중,로봇제어 WEB application 개발자(Frontend/Backend) 모집합니다,(주)티라로보틱스
https://www.saramin.co.kr/zf_user/jobs/relay/view?isMypage=no&rec_idx=50544744,취업축하금,백엔드 개발자 (*CGM의료기기),(주)아이센스
https://www.saramin.co.kr/zf_user/jobs/relay/view?isMypage=no&rec_idx=50580938,평균연봉 상위 10%,백엔드 개발자 경력자 모집,스마트사운드(주)
https://www.saramin.co.kr/zf_user/jobs/relay/view?isMypage=no&rec_idx=50632584,,"[SV그룹] AOS, iOS, Backend, Web Developer 시니어/주니어 모집",(주)에스브이
https://www.saramin.co.kr/zf_user/jobs/relay/view?isMypage=no&rec_idx=50542598,취업축하금,백엔드 개발자 신입/경력 채용,(주)위볼린
https://www.saramin.co.kr/zf_user/jobs/relay/view?isMypage=no&rec_idx=50613734,장기근속 포상,[이브릿지] 플랫폼개발팀 Backend 개발자 경력 채용,(주)이브릿지
https://www.saramin.co.kr/zf_user/jobs/relay/view?isMypage=no&rec_idx=50409585,마감임박,"[(주)프리모인터내셔널] Frontend, Backend Web개발자 채용",프리모인터내셔널(주)
https://www.saramin.co.kr/zf_user/jobs/relay/view?isMypage=no&rec_idx=50580333,취업축하금,Back-end 개발자 채용,(주)휴런
https://www.saramin.co.kr/zf_user/jobs/relay/view?isMypage=no&rec_idx=50651769,취업축하금,(키퍼) Back End Engineer (10년~),한화비전(주)
https://www.saramin.co.kr/zf_user/jobs/relay/view?isMypage=no&rec_idx=50571216,자유로운 연차,[주 4.5일 근무] Backend 개발자(경력) 채용,(주)에이닉
https://www.saramin.co.kr/zf_user/jobs/relay/view?isMypage=no&rec_idx=50580593,스타트업,백엔드개발자 모집,라온피플(주)
https://www.saramin.co.kr/zf_user/jobs/relay/view?isMypage=no&rec_idx=50651765,취업축하금,(키퍼)Back End Engineer(5~9년),한화비전(주)
https://www.saramin.co.kr/zf_user/jobs/relay/view?isMypage=no&rec_idx=50427237,취업축하금,Back-end Developer (5년 이상),유한회사 미소
https://www.saramin.co.kr/zf_user/jobs/relay/view?isMypage=no&rec_idx=50602955,,[반도체] ASIC Auto P&R Backend 경력 엔지니어 모집,(주)스타칩스
https://www.saramin.co.kr/zf_user/jobs/relay/view?isMypage=no&rec_idx=50651095,오늘 뜬,[미리캔버스] 시니어 백엔드 개발자 (NestJS),(주)미리디
https://www.saramin.co.kr/zf_user/jobs/relay/view?isMypage=no&rec_idx=50591234,시리즈C 투자유치,[다우키움 계열사] 레진코믹스 백엔드개발자 (경력),(주)레진엔터테인먼트
https://www.saramin.co.kr/zf_user/jobs/relay/view?isMypage=no&rec_idx=50566559,프리한 복장,아이엠아이에서 동료를 모집합니다.(전주/Back-End개발자),㈜아이엠아이
https://www.saramin.co.kr/zf_user/jobs/relay/view?isMypage=no&rec_idx=50305559,,백엔드 개발자 채용 / 경력 3년이상 채용,주식회사 스카이벤처스
https://www.saramin.co.kr/zf_user/jobs/relay/view?isMypage=no&rec_idx=50543718,취업축하금,백엔드 개발자 (경력 15년 이상),(주)한맥아이피에스
https://www.saramin.co.kr/zf_user/jobs/relay/view?isMypage=no&rec_idx=50652032,오늘 뜬,[웰컴페이] 선불전자지급수단 백엔드 개발자 모집 (경력),웰컴페이먼츠(주)
https://www.saramin.co.kr/zf_user/jobs/relay/view?isMypage=no&rec_idx=50429187,취업축하금,백엔드 개발자 (5년 이상),아이헤이트플라잉버그스(주)
https://www.saramin.co.kr/zf_user/jobs/relay/view?isMypage=no&rec_idx=50482919,취업축하금,전기차 충전 백엔드 개발자 채용,(주)에바
https://www.saramin.co.kr/zf_user/jobs/relay/view?isMypage=no&rec_idx=50507452,스타트업,[백엔드/서버개발] 온라인 광고 플랫폼 개발자 모집,(주)에이아이썸
https://www.saramin.co.kr/zf_user/jobs/relay/view?isMypage=no&rec_idx=50358135,연봉상승률 15% 이상,백엔드 개발자 (9년이상),(주)앵커스
https://www.saramin.co.kr/zf_user/jobs/relay/view?isMypage=no&rec_idx=50558054,기획·전략 스크랩 급상승,백엔드/서버개발자 경력직 채용,(주)파이널데이터
https://www.saramin.co.kr/zf_user/jobs/relay/view?isMypage=no&rec_idx=50482195,워라밸,[경력 3년 이상] 백엔드 개발자 채용,(주)티스퀘어
https://www.saramin.co.kr/zf_user/jobs/relay/view?isMypage=no&rec_idx=50522967,IT개발·데이터 스크랩 급상승,"[자율출근제]백엔드 경력(typescript, nodejs, MySQL) 채용",(주)오너클랜
https://www.saramin.co.kr/zf_user/jobs/relay/view?isMypage=no&rec_idx=50443702,취업축하금,[장애인전형] 백엔드 개발자,(주)와탭랩스
https://www.saramin.co.kr/zf_user/jobs/relay/view?isMypage=no&rec_idx=50482545,평균연봉 상위 10%,인공위성기업 [루미르] 백엔드 개발자 채용,루미르(주)
https://www.saramin.co.kr/zf_user/jobs/relay/view?isMypage=no&rec_idx=50484920,취업축하금,백엔드 개발자 경력 채용,(주)씨에스엠17
https://www.saramin.co.kr/zf_user/jobs/relay/view?isMypage=no&rec_idx=50589089,취업축하금,백엔드 개발자 (Back-End),(주)하이카이브
https://www.saramin.co.kr/zf_user/jobs/relay/view?isMypage=no&rec_idx=50290330,자유로운 연차,백엔드 개발자 모집,(주)브릭
https://www.saramin.co.kr/zf_user/jobs/relay/view?isMypage=no&rec_idx=50473362,취업축하금,"백엔드 개발자(웹,인프라)",(주)에피소든
https://www.saramin.co.kr/zf_user/jobs/relay/view?isMypage=no&rec_idx=50271395,급성장중,[AI SaaS 서비스] 백앤드 개발자 경력직 채용,(주)퀀텀에이아이
https://www.saramin.co.kr/zf_user/jobs/relay/view?isMypage=no&rec_idx=50356284,취업축하금,백엔드 개발자 신입 채용,(주)에프엘이에스
https://www.saramin.co.kr/zf_user/jobs/relay/view?isMypage=no&rec_idx=50413165,취업축하금,백엔드 개발자 모집,(주)더블미디어
https://www.saramin.co.kr/zf_user/jobs/relay/view?isMypage=no&rec_idx=50303388,급성장중,[SW개발팀]백엔드 엔지니어,텔레픽스(주)
https://www.saramin.co.kr/zf_user/jobs/relay/view?isMypage=no&rec_idx=50461940,취업축하금,백엔드 개발자 경력 정규직 채용,엠투클라우드(주)
https://www.saramin.co.kr/zf_user/jobs/relay/view?isMypage=no&rec_idx=50623654,Seed 투자유치,AMCG 의료기기 소프트웨어 백엔드 개발자,(주)에이엠시지
https://www.saramin.co.kr/zf_user/jobs/relay/view?isMypage=no&rec_idx=50437222,취업축하금,백엔드 개발자 경력직 채용,(주)에프엘이에스
https://www.saramin.co.kr/zf_user/jobs/relay/view?isMypage=no&rec_idx=50520551,연봉상승률 10% 이상,"Java, Spring 백엔드 개발 경력 모집",모바일센 주식회사
https://www.saramin.co.kr/zf_user/jobs/relay/view?isMypage=no&rec_idx=50634489,IT개발·데이터 지원 TOP100,[리드넘버]JAVA 백엔드 개발자 채용 [신입 및 경력],(주)리드넘버
https://www.saramin.co.kr/zf_user/jobs/relay/view?isMypage=no&rec_idx=50404161,취업축하금,AI 백엔드 시스템 엔지니어,(주)로민
https://www.saramin.co.kr/zf_user/jobs/relay/view?isMypage=no&rec_idx=50532805,취업축하금,Back-End 서버개발자 경력 (10년이상),(주)핀크
https://www.saramin.co.kr/zf_user/jobs/relay/view?isMypage=no&rec_idx=50649828,취업축하금,백엔드 개발자(6~10년),(주)더블미디어
https://www.saramin.co.kr/zf_user/jobs/relay/view?isMypage=no&rec_idx=50637970,취업축하금,컨트랙트/백엔드 개발(이더리움 기반),(주)넥써쓰
https://www.saramin.co.kr/zf_user/jobs/relay/view?isMypage=no&rec_idx=50523379,취업축하금,[자율출근] 출퇴근 FREE 백엔드(API) 경력자,(주)오너클랜
https://www.saramin.co.kr/zf_user/jobs/relay/view?isMypage=no&rec_idx=50463227,취업축하금,검색엔진 코어개발자 (백엔드),(주)버블콘
https://www.saramin.co.kr/zf_user/jobs/relay/view?isMypage=no&rec_idx=50522741,"평균연봉 6,000 이상",[센시] JAVA 기반 백엔드 개발자 인재 영입,센시 주식회사
https://www.saramin.co.kr/zf_user/jobs/relay/view?isMypage=no&rec_idx=50326187,자유로운 연차,2025년 에이비엠랩(ABMLab) 백엔드 개발자 정규직 채용,주식회사에이비엠랩(ABMLabCorp.)
https://www.saramin.co.kr/zf_user/jobs/relay/view?isMypage=no&rec_idx=50649832,취업축하금,백엔드 개발자(3~5년),(주)더블미디어
https://www.saramin.co.kr/zf_user/jobs/relay/view?isMypage=no&rec_idx=50532826,취업축하금,Back-End 서버개발자 경력 (5년이상),(주)핀크
https://www.saramin.co.kr/zf_user/jobs/relay/view?isMypage=no&rec_idx=50558022,취업축하금,APLUS AI_검색&추천_백엔드 엔지니어,(주)버즈니
https://www.saramin.co.kr/zf_user/jobs/relay/view?isMypage=no&rec_idx=50511754,취업축하금,[5년 이상] 백엔드 개발자,(주)오아시스비즈니스
https://www.saramin.co.kr/zf_user/jobs/relay/view?isMypage=no&rec_idx=50558026,취업축하금,APLUS AI_Knoi_백엔드 엔지니어,(주)버즈니
https://www.saramin.co.kr/zf_user/jobs/relay/view?isMypage=no&rec_idx=50558157,취업축하금,APLUS AI_숏폼_백엔드 엔지니어,(주)버즈니
https://www.saramin.co.kr/zf_user/jobs/relay/view?isMypage=no&rec_idx=50588294,취업축하금,백엔드 개발자 (5년 이상),(주)씨앤유글로벌
https://www.saramin.co.kr/zf_user/jobs/relay/view?isMypage=no&rec_idx=50214750,인기있는,클라우드 보안 서비스 백엔드 개발자 채용,소프트캠프(주)
https://www.saramin.co.kr/zf_user/jobs/relay/view?isMypage=no&rec_idx=50498800,연봉상승률 15% 이상,연구개발(백엔드개발자) 채용,슈어데이터랩(주)
https://www.saramin.co.kr/zf_user/jobs/relay/view?isMypage=no&rec_idx=50509922,인기있는,키오스크 운영 플랫폼 Back-end 개발자 모집 (육아휴직대체),(주)케이원피에스
https://www.saramin.co.kr/zf_user/jobs/relay/view?isMypage=no&rec_idx=50571618,취업축하금,[Catalyst]플랫폼 마젠토/백엔드기획자,콘센트릭스서비스코리아(유)
https://www.saramin.co.kr/zf_user/jobs/relay/view?isMypage=no&rec_idx=50219746,워라밸,[개발운영] 백엔드 개발자 (경력),(주)누리미디어
https://www.saramin.co.kr/zf_user/jobs/relay/view?isMypage=no&rec_idx=50281787,평균연봉 상위 10%,[EPS-ENE] 웹시스템 백엔드(Back-End) 개발자 경력직 채용,(주)이피에스이앤이
https://www.saramin.co.kr/zf_user/jobs/relay/view?isMypage=no&rec_idx=50648776,취업축하금,[보안AI사업본부] 백엔드 개발자_경력,(주)딥노이드
https://www.saramin.co.kr/zf_user/jobs/relay/view?isMypage=no&rec_idx=50412818,취업축하금,중급 백엔드 개발자 채용,티투엘(주)
https://www.saramin.co.kr/zf_user/jobs/relay/view?isMypage=no&rec_idx=50383570,,[테크사업부] 백엔드 개발자 채용,매드업
https://www.saramin.co.kr/zf_user/jobs/relay/view?isMypage=no&rec_idx=50394342,인기있는,"[백엔드] 인프라 백엔드 개발자 채용 (신규, 경력 무관)",(주)에스비정보기술
https://www.saramin.co.kr/zf_user/jobs/relay/view?isMypage=no&rec_idx=50540524,취업축하금,백엔드 리드 개발자 (5~10년차),(주)팬딩
https://www.saramin.co.kr/zf_user/jobs/relay/view?isMypage=no&rec_idx=50412826,취업축하금,고급 백엔드 설계/개발자 정규직 채용,티투엘(주)
https://www.saramin.co.kr/zf_user/jobs/relay/view?isMypage=no&rec_idx=50422652,IT개발·데이터 스크랩 급상승,[넛지헬스케어] 백엔드/서버 개발자,넛지헬스케어(주)
https://www.saramin.co.kr/zf_user/jobs/relay/view?isMypage=no&rec_idx=50383624,,[테크사업부] 백엔드개발자 - 테크리드 채용,매드업
https://www.saramin.co.kr/zf_user/jobs/relay/view?isMypage=no&rec_idx=50622832,취업축하금,[공비서] 자바/코틀린 백엔드 개발자,(주)헤렌
https://www.saramin.co.kr/zf_user/jobs/relay/view?isMypage=no&rec_idx=50219707,재택근무,[개발운영] 백엔드 개발자 (병역특례 전문연구요원),(주)누리미디어
https://www.saramin.co.kr/zf_user/jobs/relay/view?isMypage=no&rec_idx=50622828,취업축하금,브랜다즈 백엔드개발자(자바/코틀린),(주)헤렌
https://www.saramin.co.kr/zf_user/jobs/relay/view?isMypage=no&rec_idx=50429109,워라밸,리눅스 C/C++ 백엔드 서버개발자,에이치투오시스템테크놀로지(주)
https://www.saramin.co.kr/zf_user/jobs/relay/view?isMypage=no&rec_idx=50556737,,[대연 C&I 연구소] 백엔드 개발 경력자 채용,(주)대연씨앤아이
https://www.saramin.co.kr/zf_user/jobs/relay/view?isMypage=no&rec_idx=50426384,취업축하금,새벽시장 스쿼드 백엔드 개발자 (3년이상),(주)팀프레시
https://www.saramin.co.kr/zf_user/jobs/relay/view?isMypage=no&rec_idx=50571398,,[Catalyst] 글로벌 커머스 플랫폼 마젠토 / 백엔드 기획자,콘센트릭스서비스코리아(유)
https://www.saramin.co.kr/zf_user/jobs/relay/view?isMypage=no&rec_idx=50426355,취업축하금,WMS스쿼드 백엔드(풀스택) 개발자(경력 5년 이상),(주)팀프레시
https://www.saramin.co.kr/zf_user/jobs/relay/view?isMypage=no&rec_idx=50636083,Pre A 투자유치,[알고랩] Back-End 개발자(경력),(주)알고랩
https://www.saramin.co.kr/zf_user/jobs/relay/view?isMypage=no&rec_idx=50483633,연봉상승률 10% 이상,"원격 모니터링 시스템 프론트, 백엔드 개발자 모집",아이에스테크놀로지(주)
https://www.saramin.co.kr/zf_user/jobs/relay/view?isMypage=no&rec_idx=50499422,재택근무,[개발운영] AI 서비스 백엔드 개발자 (경력),(주)누리미디어
https://www.saramin.co.kr/zf_user/jobs/relay/view?isMypage=no&rec_idx=50650163,취업축하금,중급 백엔드 개발자 (8~10년),티투엘(주)
https://www.saramin.co.kr/zf_user/jobs/relay/view?isMypage=no&rec_idx=50462771,취업축하금,파이썬 백엔드 리드,(주)샐러드랩
https://www.saramin.co.kr/zf_user/jobs/relay/view?isMypage=no&rec_idx=50330282,인기있는,데일리페이 Back-End 개발자 채용,(주)데일리페이
https://www.saramin.co.kr/zf_user/jobs/relay/view?isMypage=no&rec_idx=50601202,급성장중,Front-end/Back-end Software Engineer 채용,수퍼게이트(주)
https://www.saramin.co.kr/zf_user/jobs/relay/view?isMypage=no&rec_idx=50634962,인기있는,"[정규직] 경력개발자 2명 (백엔드, 프론트엔드 각 1명)",캐드윈시스템(주)
https://www.saramin.co.kr/zf_user/jobs/relay/view?isMypage=no&rec_idx=50578346,취업축하금,Node.js 백엔드 개발자 (4년 이상),티엔에이치(주)
https://www.saramin.co.kr/zf_user/jobs/relay/view?isMypage=no&rec_idx=50650152,취업축하금,고급 백엔드 설계 개발자(16~18년),티투엘(주)
https://www.saramin.co.kr/zf_user/jobs/relay/view?isMypage=no&rec_idx=50650167,취업축하금,중급 백엔드 개발자 (5~7년),티투엘(주)
https://www.saramin.co.kr/zf_user/jobs/relay/view?isMypage=no&rec_idx=50612548,,"[백엔드] 인프라 디바이스 개발자 채용 (신규, 경력 무관)",(주)에스비정보기술
https://www.saramin.co.kr/zf_user/jobs/relay/view?isMypage=no&rec_idx=50650157,취업축하금,고급 백엔드 설계 개발자(13~15년),티투엘(주)
https://www.saramin.co.kr/zf_user/jobs/relay/view?isMypage=no&rec_idx=50651355,,[기업부설 연구소] 백앤드 및 프론트 (웹/앱) 경력개발자 모집,(주)케이에스씨앤씨
https://www.saramin.co.kr/zf_user/jobs/relay/view?isMypage=no&rec_idx=50331252,IT개발·데이터 지원 급상승,백엔드 개발자 영입,베스핀글로벌(주)
https://www.saramin.co.kr/zf_user/jobs/relay/view?isMypage=no&rec_idx=50273768,Pre A 투자유치,[대구] R&D연구소 (프론트엔드/백엔드) 개발 연구원 채용,(주)씨엘모빌리티
https://www.saramin.co.kr/zf_user/jobs/relay/view?isMypage=no&rec_idx=50273670,Pre A 투자유치,[강남] R&D연구소 (프론트엔드/백엔드) 개발 연구원 채용,(주)씨엘모빌리티
https://www.saramin.co.kr/zf_user/jobs/relay/view?isMypage=no&rec_idx=50650161,취업축하금,고급 백엔드 설계 개발자(10~12년),티투엘(주)
https://www.saramin.co.kr/zf_user/jobs/relay/view?isMypage=no&rec_idx=50422650,인기있는,[넛지헬스케어] 백엔드개발 채용전환형 인턴,넛지헬스케어(주)
https://www.saramin.co.kr/zf_user/jobs/relay/view?isMypage=no&rec_idx=50532577,IT개발·데이터 조회 급상승,[다우키움 계열사] 백엔드 개발자(Java/Spring),(주)키다리스튜디오
https://www.saramin.co.kr/zf_user/jobs/relay/view?isMypage=no&rec_idx=50523417,평균연봉 상위 10%,PHP Back-end 개발자를 모십니다,(주)애드포러스
https://www.saramin.co.kr/zf_user/jobs/relay/view?isMypage=no&rec_idx=50483214,취업축하금,[그루비 SaaS 솔루션] 백엔드 개발자 (2~5년),(주)플래티어
https://www.saramin.co.kr/zf_user/jobs/relay/view?isMypage=no&rec_idx=50566783,취업축하금,AI연관 백엔드 개발자 (경력 5년이상),(주)온누리스토어
https://www.saramin.co.kr/zf_user/jobs/relay/view?isMypage=no&rec_idx=50520458,급성장중,[골프존클라우드] 백앤드 개발 경력직 채용,(주)골프존클라우드
https://www.saramin.co.kr/zf_user/jobs/relay/view?isMypage=no&rec_idx=50645927,오늘 뜬,[웹개발] 백엔드 개발자 경력 정규직 채용,(주)엠앤디
https://www.saramin.co.kr/zf_user/jobs/relay/view?isMypage=no&rec_idx=50558050,IT개발·데이터 조회 급상승,[다우키움 계열사] 웹툰 플랫폼 백엔드 개발 (경력),(주)키다리스튜디오
https://www.saramin.co.kr/zf_user/jobs/relay/view?isMypage=no&rec_idx=50589259,평균연봉 상위 10%,[투비소프트] 데브옵스 백엔드 엔지니어 채용,(주)투비소프트
https://www.saramin.co.kr/zf_user/jobs/relay/view?isMypage=no&rec_idx=50375994,급성장중,[넛지헬스케어] 백엔드개발 산업기능요원 (병역특례),넛지헬스케어(주)
https://www.saramin.co.kr/zf_user/jobs/relay/view?isMypage=no&rec_idx=50612685,연봉상승률 15% 이상,[코스닥 상장사] 웹 백엔드 경력 개발자 채용,알서포트(주)
https://www.saramin.co.kr/zf_user/jobs/relay/view?isMypage=no&rec_idx=50638137,취업축하금,클라우드 Java 백엔드 개발자 채용,아이파킹(주)
https://www.saramin.co.kr/zf_user/jobs/relay/view?isMypage=no&rec_idx=50580047,연봉상승률 10% 이상,현대자동차그룹 (주)지아이티 연구소 대규모 수시채용 (Back-End/차량 소프트웨어 검증),(주)지아이티
https://www.saramin.co.kr/zf_user/jobs/relay/view?isMypage=no&rec_idx=50436142,스타트업,[MENDIX 유경험자] 프론트엔드/백엔드 개발자 모집,(주)에스비티글로벌
https://www.saramin.co.kr/zf_user/jobs/relay/view?isMypage=no&rec_idx=50638521,인기있는,[아이나비시스템즈] 백엔드 개발자(Kotlin/Java) 상시 채용,(주)아이나비시스템즈
https://www.saramin.co.kr/zf_user/jobs/relay/view?isMypage=no&rec_idx=50588384,IT개발·데이터 지원 급상승,[네이버] SNOW Service Back-end 개발자,스노우(주)
https://www.saramin.co.kr/zf_user/jobs/relay/view?isMypage=no&rec_idx=50581516,인기있는,[브릭스 에듀케이션] 백엔드 개발자/웹 개발자 경력직 채용,(주)사회평론
https://www.saramin.co.kr/zf_user/jobs/relay/view?isMypage=no&rec_idx=50557591,평균연봉 상위 10%,백엔드 개발자(5년 이상~) 모집,이지스엔터프라이즈(주)
https://www.saramin.co.kr/zf_user/jobs/relay/view?isMypage=no&rec_idx=50566790,취업축하금,AI연관 백엔드 개발자 (경력 3년이상),(주)온누리스토어
https://www.saramin.co.kr/zf_user/jobs/relay/view?isMypage=no&rec_idx=50621960,,AI 백엔드 엔지니어 경력직 채용,(주)뉴엔에이아이
https://www.saramin.co.kr/zf_user/jobs/relay/view?isMypage=no&rec_idx=50172965,IT개발·데이터 지원 급상승,[NHN Dooray] ERP서비스 백엔드 개발,엔에이치엔(주)
https://www.saramin.co.kr/zf_user/jobs/relay/view?isMypage=no&rec_idx=50276774,IT개발·데이터 지원 급상승,[보안AI사업본부] Python 백엔드 개발자 모집,(주)딥노이드
https://www.saramin.co.kr/zf_user/jobs/relay/view?isMypage=no&rec_idx=50651866,취업축하금,포탈 웹사이트 Back-end 개발자 경력직,(주)아이디에스앤트러스트
https://www.saramin.co.kr/zf_user/jobs/relay/view?isMypage=no&rec_idx=50591349,취업축하금,서버개발팀 백엔드 개발자(경력),(주)사이버다임
https://www.saramin.co.kr/zf_user/jobs/relay/view?isMypage=no&rec_idx=50622639,연봉상승률 10% 이상,기술연구소 백엔드/서버/Java/C# 경력 개발자,㈜엠투소프트
https://www.saramin.co.kr/zf_user/jobs/relay/view?isMypage=no&rec_idx=50609768,인기있는,백엔드/서버개발 담당자 채용 (주 4일 출근제),(주)사이넷
https://www.saramin.co.kr/zf_user/jobs/relay/view?isMypage=no&rec_idx=50351390,연봉상승률 10% 이상,[자율주행로봇 배달어플] 로봇관제 시스템 WEB 백엔드 개발,(주)로보티즈
https://www.saramin.co.kr/zf_user/jobs/relay/view?isMypage=no&rec_idx=50555986,평균연봉 상위 10%,(주)디지캡 백엔드 개발 경력사원 모집,(주)디지캡
https://www.saramin.co.kr/zf_user/jobs/relay/view?isMypage=no&rec_idx=50480407,인기있는,씨엔티테크(주) 백엔드 신입 개발자 채용,씨엔티테크(주)
https://www.saramin.co.kr/zf_user/jobs/relay/view?isMypage=no&rec_idx=50315466,시리즈C 투자유치,클라우드 Java 백엔드 개발자 채용,아이파킹(주)
https://www.saramin.co.kr/zf_user/jobs/relay/view?isMypage=no&rec_idx=50426514,IT개발·데이터 지원 급상승,[NHN Dooray] 인사 서비스 백엔드 개발,엔에이치엔(주)
https://www.saramin.co.kr/zf_user/jobs/relay/view?isMypage=no&rec_idx=50411103,연봉상승률 10% 이상,[KG이니시스] Back End 개발및 운영 담당자 정규직 채용,(주)케이지이니시스
https://www.saramin.co.kr/zf_user/jobs/relay/view?isMypage=no&rec_idx=50530357,평균연봉 상위 10%,[NHN Dooray] 협업 서비스 백엔드 개발,엔에이치엔(주)
https://www.saramin.co.kr/zf_user/jobs/relay/view?isMypage=no&rec_idx=50373700,,[MES 솔루션 백엔드 개발자] 경력직 모집,한솔PNS(주) 아이티서비스부문
https://www.saramin.co.kr/zf_user/jobs/relay/view?isMypage=no&rec_idx=50458478,연봉상승률 15% 이상,웹 백엔드 개발 및 PL 담당 - 경력 7년 이상,(주)셀바스에이아이
https://www.saramin.co.kr/zf_user/jobs/relay/view?isMypage=no&rec_idx=50469266,IT개발·데이터 스크랩 급상승,[코스닥상장사]Java 백엔드 개발자 채용(2년 이상),(주)엑셈
https://www.saramin.co.kr/zf_user/jobs/relay/view?isMypage=no&rec_idx=50196430,연봉상승률 10% 이상,[텔코웨어] Java 백엔드 개발 경력사원 채용공고,텔코웨어(주)
https://www.saramin.co.kr/zf_user/jobs/relay/view?isMypage=no&rec_idx=50426657,취업축하금,백엔드(Back-end)개발자(경력 7년이상),(주)유진로봇
https://www.saramin.co.kr/zf_user/jobs/relay/view?isMypage=no&rec_idx=50417480,취업축하금,백엔드 개발자 채용,(주)더마펌
https://www.saramin.co.kr/zf_user/jobs/relay/view?isMypage=no&rec_idx=50406285,연봉상승률 15% 이상,웹 백엔드 개발 담당 - 경력 7년 이하,(주)셀바스에이아이
https://www.saramin.co.kr/zf_user/jobs/relay/view?isMypage=no&rec_idx=47581906,시리즈A 투자유치,백엔드 개발자 (Node.js),(주)큐피스트
https://www.saramin.co.kr/zf_user/jobs/relay/view?isMypage=no&rec_idx=50600873,연봉상승률 10% 이상,[서울형강소기업] IT 백엔드 개발직 경력사원 모집,(주)펜타웍스
https://www.saramin.co.kr/zf_user/jobs/relay/view?isMypage=no&rec_idx=50543136,연봉상승률 10% 이상,"백엔드개발자(SpringBoot, JAVA) 5년이상",(주)비즈위즈시스템
https://www.saramin.co.kr/zf_user/jobs/relay/view?isMypage=no&rec_idx=50378184,연봉상승률 20% 이상,Python/Django 백엔드·서버 개발자 채용,(주)에코씨앤에이
https://www.saramin.co.kr/zf_user/jobs/relay/view?isMypage=no&rec_idx=50559372,취업축하금,Java(Back-End)개발자 [경력 1~8년],(주)제네시스네스트
https://www.saramin.co.kr/zf_user/jobs/relay/view?isMypage=no&rec_idx=50422372,,[백엔드/서버개발] 경력 개발자 모집,(주)오토시스
https://www.saramin.co.kr/zf_user/jobs/relay/view?isMypage=no&rec_idx=50559359,취업축하금,Java(Back-End)개발자 [리더급 9~20년],(주)제네시스네스트
https://www.saramin.co.kr/zf_user/jobs/relay/view?isMypage=no&rec_idx=50296084,IT개발·데이터 스크랩 급상승,[솔루션] 백엔드 개발자 모집(python),조베이스(주)
https://www.saramin.co.kr/zf_user/jobs/relay/view?isMypage=no&rec_idx=50426898,취업축하금,[삼성계열사]백엔드 서버/보안 솔루션개발자,(주)씨브이네트
https://www.saramin.co.kr/zf_user/jobs/relay/view?isMypage=no&rec_idx=50600433,,AI 백엔드 시스템 엔지니어,(주)로민
https://www.saramin.co.kr/zf_user/jobs/relay/view?isMypage=no&rec_idx=50431692,급성장중,백엔드 엔지니어 (1년 이상),(주)학교종이
https://www.saramin.co.kr/zf_user/jobs/relay/view?isMypage=no&rec_idx=50441673,취업축하금,백엔드 개발 (경력 6~10년),(주)에이치비엠피
https://www.saramin.co.kr/zf_user/jobs/relay/view?isMypage=no&rec_idx=50626583,취업축하금,빅데이터 학습 솔루션 백엔드 개발자,(주)퍼플아카데미
https://www.saramin.co.kr/zf_user/jobs/relay/view?isMypage=no&rec_idx=50432260,취업축하금,백엔드 엔지니어 (1년 이상),(주)학교종이
https://www.saramin.co.kr/zf_user/jobs/relay/view?isMypage=no&rec_idx=50650620,취업축하금,백엔드 개발 (경력 6~10년),(주)에이치비엠피
https://www.saramin.co.kr/zf_user/jobs/relay/view?isMypage=no&rec_idx=50621981,연봉상승률 10% 이상,[카카오자회사] 카카오 그룹사 서비스 Back-end개발자(제주근무),(주)디케이테크인
https://www.saramin.co.kr/zf_user/jobs/relay/view?isMypage=no&rec_idx=50627445,취업축하금,백엔드 개발자 신입 채용,(주)에프엘이에스
https://www.saramin.co.kr/zf_user/jobs/relay/view?isMypage=no&rec_idx=50462428,연봉상승률 20% 이상,웹에이전시 카페24 전문 Back-End 웹 개발자 주니어 채용,(주)리더마인
https://www.saramin.co.kr/zf_user/jobs/relay/view?isMypage=no&rec_idx=50622217,급성장중,"JAVA 웹 개발(React), 백앤드 전문가 모집합니다",(주)스마트마켓서비스
https://www.saramin.co.kr/zf_user/jobs/relay/view?isMypage=no&rec_idx=50313575,평균연봉 상위 10%,[주피터랩스] 백엔드 개발자 채용,주피터랩스(주)
https://www.saramin.co.kr/zf_user/jobs/relay/view?isMypage=no&rec_idx=50500004,연봉상승률 10% 이상,국내노래방 1위 TJ커뮤니케이션 백엔드 개발,티제이커뮤니케이션(주)
https://www.saramin.co.kr/zf_user/jobs/relay/view?isMypage=no&rec_idx=50494199,급성장중,[올마이투어] Java Back-End Engineer 정규직(경력) 채용,(주)올마이투어
https://www.saramin.co.kr/zf_user/jobs/relay/view?isMypage=no&rec_idx=50555391,취업축하금,[JTBC] 서비스개발팀 경력채용 (백엔드 개발),제이티비씨(주)
https://www.saramin.co.kr/zf_user/jobs/relay/view?isMypage=no&rec_idx=50405219,급성장중,웹 백엔드(고급 개발자) 모집,더스카이랩(주)
https://www.saramin.co.kr/zf_user/jobs/relay/view?isMypage=no&rec_idx=50302400,급성장중,[솔루션] 백엔드 개발자 모집(C#),조베이스(주)
https://www.saramin.co.kr/zf_user/jobs/relay/view?isMypage=no&rec_idx=50441668,취업축하금,백엔드 개발 (경력 1~5년),(주)에이치비엠피
https://www.saramin.co.kr/zf_user/jobs/relay/view?isMypage=no&rec_idx=50614610,취업축하금,백엔드 개발자 경력 채용,(주)인공지능팩토리
https://www.saramin.co.kr/zf_user/jobs/relay/view?isMypage=no&rec_idx=50561165,연봉상승률 30% 이상,[경력] Back-end 개발자 모집(React),(주)천하이너스
https://www.saramin.co.kr/zf_user/jobs/relay/view?isMypage=no&rec_idx=50629461,급성장중,시스템 오류 트러블슈팅·백엔드 개발자,(주)인트브릿지
https://www.saramin.co.kr/zf_user/jobs/relay/view?isMypage=no&rec_idx=50622228,급성장중,Flutter & 백앤드 개발자 모집,(주)스마트마켓서비스
https://www.saramin.co.kr/zf_user/jobs/relay/view?isMypage=no&rec_idx=50587583,평균연봉 상위 10%,백엔드 개발자 채용(헬스케어 서비스),(주)온택트헬스
https://www.saramin.co.kr/zf_user/jobs/relay/view?isMypage=no&rec_idx=50441679,취업축하금,백엔드 개발 (경력 11~년),(주)에이치비엠피
https://www.saramin.co.kr/zf_user/jobs/relay/view?isMypage=no&rec_idx=50600211,취업축하금,Python Back-end Enginner,올거나이즈코리아(주)
https://www.saramin.co.kr/zf_user/jobs/relay/view?isMypage=no&rec_idx=50650623,취업축하금,백엔드 개발 (경력 1~5년),(주)에이치비엠피
https://www.saramin.co.kr/zf_user/jobs/relay/view?isMypage=no&rec_idx=50591449,,"[화장품] 웹기반 자사 ERP, 웹사이트 개발 및 프론트엔드/백엔드",(주)아주화장품
https://www.saramin.co.kr/zf_user/jobs/relay/view?isMypage=no&rec_idx=50535190,급성장중,백엔드(Node.js) 경력 개발자 모집,(주)에스와이컴퍼니
https://www.saramin.co.kr/zf_user/jobs/relay/view?isMypage=no&rec_idx=50588382,IT개발·데이터 지원 TOP100,백엔드 개발자 채용,(주)아이코닉무브먼트
https://www.saramin.co.kr/zf_user/jobs/relay/view?isMypage=no&rec_idx=50650619,취업축하금,백엔드 개발 (경력 11~년),(주)에이치비엠피
https://www.saramin.co.kr/zf_user/jobs/relay/view?isMypage=no&rec_idx=50545606,자유로운 연차,AI채용솔루션 백엔드 개발자 우수인재 모집,(주)인딥에이아이
https://www.saramin.co.kr/zf_user/jobs/relay/view?isMypage=no&rec_idx=50519993,급성장중,[경력] Back-end 개발자 채용(내일채움공제가능),(주)시큐리온
https://www.saramin.co.kr/zf_user/jobs/relay/view?isMypage=no&rec_idx=50651077,오늘 뜬,백엔드 서버 개발자 채용,(주)제이에이치솔루션
https://www.saramin.co.kr/zf_user/jobs/relay/view?isMypage=no&rec_idx=50617596,급성장중,대기업)백엔드(메일 시스템) 개발자 채용,HR컨설팅(주)
https://www.saramin.co.kr/zf_user/jobs/relay/view?isMypage=no&rec_idx=50617666,IT개발·데이터 지원 급상승,대기업)클라우드 백엔드 개발자 채용(2개포지션),HR컨설팅(주)
https://www.saramin.co.kr/zf_user/jobs/relay/view?isMypage=no&rec_idx=50532680,,(주)메시스 문화예술 스타트업 앱/웹 백엔드 개발자 경력직 채용,(주)메시스
https://www.saramin.co.kr/zf_user/jobs/relay/view?isMypage=no&rec_idx=50636115,취업축하금,백엔드 개발자,포트로직스(주)
https://www.saramin.co.kr/zf_user/jobs/relay/view?isMypage=no&rec_idx=50497705,연봉상승률 10% 이상,백엔드 개발자 모집합니다.[경력무관],위미르(주)
https://www.saramin.co.kr/zf_user/jobs/relay/view?isMypage=no&rec_idx=50501429,취업축하금,[병역특례]백엔드 산업기능요원 모집,(주)리비바이오
https://www.saramin.co.kr/zf_user/jobs/relay/view?isMypage=no&rec_idx=50514518,시리즈A 투자유치,[뉴베이스] 백엔드 개발자 경력 채용,(주)뉴베이스
https://www.saramin.co.kr/zf_user/jobs/relay/view?isMypage=no&rec_idx=50311693,Seed 투자유치,세븐미어캣 Python 백엔드 개발자 인재채용,(주)세븐미어캣
https://www.saramin.co.kr/zf_user/jobs/relay/view?isMypage=no&rec_idx=50501415,취업축하금,백엔드개발자(Node.js),(주)리비바이오
https://www.saramin.co.kr/zf_user/jobs/relay/view?isMypage=no&rec_idx=50520056,IT개발·데이터 지원 급상승,[비트망고]글로벌 모바일게임 Back-end Programmer(신입정규직),(주)비트망고
https://www.saramin.co.kr/zf_user/jobs/relay/view?isMypage=no&rec_idx=50194541,워라밸,[리비바이오] 백엔드개발자(Node.js),(주)리비바이오
https://www.saramin.co.kr/zf_user/jobs/relay/view?isMypage=no&rec_idx=50394103,취업축하금,"백엔드 개발자(주35시간, 4.5일)",(주)라쿠카라차
https://www.saramin.co.kr/zf_user/jobs/relay/view?isMypage=no&rec_idx=50635893,취업축하금,백엔드 개발자 (11년 ~ 15년),(주)데이터메이커
https://www.saramin.co.kr/zf_user/jobs/relay/view?isMypage=no&rec_idx=50195498,워라밸,[리비바이오] 백엔드개발 산업기능요원,(주)리비바이오
https://www.saramin.co.kr/zf_user/jobs/relay/view?isMypage=no&rec_idx=50640534,급성장중,[중견그룹] 제약유통 SCM/CRM개발자(백엔드/서버) 7~15년,(주)투비파트너즈
https://www.saramin.co.kr/zf_user/jobs/relay/view?isMypage=no&rec_idx=50169137,점심지원,[모우다] 웹개발자(백엔드) 모집합니다.,주식회사 모우다
https://www.saramin.co.kr/zf_user/jobs/relay/view?isMypage=no&rec_idx=50350241,급성장중,[백엔드] 백엔드/서버개발자 신입/경력직 모집,디씨엠
https://www.saramin.co.kr/zf_user/jobs/relay/view?isMypage=no&rec_idx=50380788,평균연봉 상위 10%,[HYBE IM] 웹 백엔드 개발,(주)하이브아이엠
https://www.saramin.co.kr/zf_user/jobs/relay/view?isMypage=no&rec_idx=50566532,프리한 복장,[ 토탈미디어그램] 백엔드 개발자,토탈미디어그램(주)
https://www.saramin.co.kr/zf_user/jobs/relay/view?isMypage=no&rec_idx=50406073,연봉상승률 15% 이상,[딱플-천안본사] 개발팀 백엔드/서버 개발자 경력직 모십니다.,딱플(주)
https://www.saramin.co.kr/zf_user/jobs/relay/view?isMypage=no&rec_idx=50473449,연봉상승률 20% 이상,솔루션 백엔드 개발자 채용,(주)라이너스
https://www.saramin.co.kr/zf_user/jobs/relay/view?isMypage=no&rec_idx=50482221,"평균연봉 6,000 이상",(경력) 파킹프렌즈 [백엔드] 개발자 모집,(주)엠디에스모빌리티
https://www.saramin.co.kr/zf_user/jobs/relay/view?isMypage=no&rec_idx=50471656,취업축하금,백엔드 서버 개발자 [경력 3년 이상],(주)아이피샵
https://www.saramin.co.kr/zf_user/jobs/relay/view?isMypage=no&rec_idx=50244221,M&A 투자유치,오픈마켓 플랫폼 Java 백엔드 경력 개발자 채용합니다(선정릉역),(주)에스브릿지
https://www.saramin.co.kr/zf_user/jobs/relay/view?isMypage=no&rec_idx=50601810,인기있는,HTML5 게임 서비스 - 백엔드 개발자 모집 공고(PHP),(주)두잇파이브
https://www.saramin.co.kr/zf_user/jobs/relay/view?isMypage=no&rec_idx=50415526,취업축하금,Java 백엔드 개발자(11~15년)모집,(주)와따에이아이
https://www.saramin.co.kr/zf_user/jobs/relay/view?isMypage=no&rec_idx=50591719,IT개발·데이터 지원 급상승,대기업 - Java Back-End 개발 외 (컨택센터 외),엔터웨이파트너스
https://www.saramin.co.kr/zf_user/jobs/relay/view?isMypage=no&rec_idx=50640683,급성장중,[코스닥/보안솔루션] (블록체인 기반) 서버 백엔드 개발 (3~10년,(주)투비파트너즈
https://www.saramin.co.kr/zf_user/jobs/relay/view?isMypage=no&rec_idx=50437424,성과급/상여금,헬스케어 스타트업에서 백엔드 개발자 채용합니다.,(주)디지털뉴트리션
https://www.saramin.co.kr/zf_user/jobs/relay/view?isMypage=no&rec_idx=50415520,취업축하금,Java 백엔드 개발자(5~10년) 모집,(주)와따에이아이
https://www.saramin.co.kr/zf_user/jobs/relay/view?isMypage=no&rec_idx=50635888,취업축하금,백엔드 개발자 (16년 ~ 20년),(주)데이터메이커
https://www.saramin.co.kr/zf_user/jobs/relay/view?isMypage=no&rec_idx=50615579,,백엔드/ 프론트엔드 경력 개발자(팀장급)를 모십니다.,(주)웨비나스
https://www.saramin.co.kr/zf_user/jobs/relay/view?isMypage=no&rec_idx=50590865,,[글로벌마케팅기업]자바스크립트 백엔드 시니어 개발자,(주)핀커스코리아
https://www.saramin.co.kr/zf_user/jobs/relay/view?isMypage=no&rec_idx=50471661,취업축하금,백엔드 서버 개발자 [경력 7년 이상],(주)아이피샵
https://www.saramin.co.kr/zf_user/jobs/relay/view?isMypage=no&rec_idx=50635897,취업축하금,백엔드 개발자 (5년 ~ 10년),(주)데이터메이커
https://www.saramin.co.kr/zf_user/jobs/relay/view?isMypage=no&rec_idx=50427323,유연근무제,정규직 교강사 모집 - 백엔드/자바(JAVA) 콘텐츠 개발 및 강의,(주)구디
https://www.saramin.co.kr/zf_user/jobs/relay/view?isMypage=no&rec_idx=50406273,시리즈B 투자유치,[머스트잇] Back-end Engineer 채용,(주)머스트잇
https://www.saramin.co.kr/zf_user/jobs/relay/view?isMypage=no&rec_idx=50596119,워라밸,Node.js 백엔드 개발자 모집 - 병역특례 가능,(주)게임스프링
https://www.saramin.co.kr/zf_user/jobs/relay/view?isMypage=no&rec_idx=50414233,IT개발·데이터 지원 급상승,(주)페텔 백엔드 개발자 채용,(주)페텔
https://www.saramin.co.kr/zf_user/jobs/relay/view?isMypage=no&rec_idx=50312538,,[씨엔알리서치] 'Back-End 개발자' 경력 채용,씨엔알리서치
https://www.saramin.co.kr/zf_user/jobs/relay/view?isMypage=no&rec_idx=50637648,IT개발·데이터 지원 급상승,플랫폼개발팀 백엔드개발자 채용,(주)넵튠
https://www.saramin.co.kr/zf_user/jobs/relay/view?isMypage=no&rec_idx=50633659,IT개발·데이터 스크랩 급상승,[백엔드/서버개발] 경력 개발자 채용,(주)더에이아이랩
https://www.saramin.co.kr/zf_user/jobs/relay/view?isMypage=no&rec_idx=50623079,IT개발·데이터 지원 TOP100,서버 백엔드 개발자 채용,이우솔루션
https://www.saramin.co.kr/zf_user/jobs/relay/view?isMypage=no&rec_idx=50235680,연봉상승률 30% 이상,[백엔드/서버개발] 불법 저작권 모니터링 시스템 개발 및 운영,(주)두다지
https://www.saramin.co.kr/zf_user/jobs/relay/view?isMypage=no&rec_idx=50499855,급성장중,백엔드 운용 개발자(수신기 펌웨어 및 라이브러리)(보충역 가능),(주)휴라
https://www.saramin.co.kr/zf_user/jobs/relay/view?isMypage=no&rec_idx=50635832,연봉상승률 15% 이상,자사 솔루션 서버/백엔드 개발자(경력5년이상),엔에스원소프트(주)
https://www.saramin.co.kr/zf_user/jobs/relay/view?isMypage=no&rec_idx=50273199,급성장중,"생성형AI 운영관리툴, 백앤드 웹개발자 모집",디딤365(주)
https://www.saramin.co.kr/zf_user/jobs/relay/view?isMypage=no&rec_idx=50638467,취업축하금,백엔드 및 서버 개발자 채용,(주)스쿨버스
https://www.saramin.co.kr/zf_user/jobs/relay/view?isMypage=no&rec_idx=50496240,인기있는,웹/앱 프런트 및 백엔드 프로그래머를 모십니다.,㈜폴리큐브
https://www.saramin.co.kr/zf_user/jobs/relay/view?isMypage=no&rec_idx=50524344,평균연봉 상위 10%,(주)디윅스 백엔드 개발자 경력 채용(5년이상),(주)디윅스
https://www.saramin.co.kr/zf_user/jobs/relay/view?isMypage=no&rec_idx=50650265,취업축하금,백엔드 개발자 시니어 채용 [본사],(주)잇올
https://www.saramin.co.kr/zf_user/jobs/relay/view?isMypage=no&rec_idx=50650268,취업축하금,백엔드 개발자 주니어 채용 [본사],(주)잇올
https://www.saramin.co.kr/zf_user/jobs/relay/view?isMypage=no&rec_idx=50512815,시리즈C 투자유치,[룰루랩] 서버/백엔드 개발자,(주)룰루랩
https://www.saramin.co.kr/zf_user/jobs/relay/view?isMypage=no&rec_idx=50649875,오늘 뜬,RFID 기반 재고/물류 관리 시스템 백엔드 개발자,(주)파이헬스케어
https://www.saramin.co.kr/zf_user/jobs/relay/view?isMypage=no&rec_idx=50539939,프리한 복장,[시원스쿨] PHP 백엔드(Back-End) 개발자 채용,(주)에스제이더블유인터내셔널
https://www.saramin.co.kr/zf_user/jobs/relay/view?isMypage=no&rec_idx=50199848,육아휴직,백앤드 프로그래머(경력) 채용,㈜뉴시스통신사
https://www.saramin.co.kr/zf_user/jobs/relay/view?isMypage=no&rec_idx=50540805,연봉상승률 10% 이상,(주)곰앤컴퍼니 PHP 백엔드 개발자 채용 (Gomlab project),(주)곰앤컴퍼니
https://www.saramin.co.kr/zf_user/jobs/relay/view?isMypage=no&rec_idx=50559607,취업축하금,[스튜디오 G] 백엔드 개발자,(주)스튜디오갈릴레이
https://www.saramin.co.kr/zf_user/jobs/relay/view?isMypage=no&rec_idx=50617026,연봉상승률 10% 이상,AI Healthcare - 백엔드 개발자,엘브이아이에스코리아(주)
https://www.saramin.co.kr/zf_user/jobs/relay/view?isMypage=no&rec_idx=50572046,급성장중,[공카/판교] 모빌리티 스타트업 백엔드 개발자 채용,(주)공카
https://www.saramin.co.kr/zf_user/jobs/relay/view?isMypage=no&rec_idx=50568695,취업축하금,백엔드 개발자 경력 (5년이상),(주)디윅스
https://www.saramin.co.kr/zf_user/jobs/relay/view?isMypage=no&rec_idx=50558768,,최상위권 제약사 Back-end 개발자,(주)에이치알그룹
https://www.saramin.co.kr/zf_user/jobs/relay/view?isMypage=no&rec_idx=50581742,연봉상승률 15% 이상,2024년 (주)에스피코리아 백엔드 개발자 모집,(주)에스피코리아
https://www.saramin.co.kr/zf_user/jobs/relay/view?isMypage=no&rec_idx=50590529,취업축하금,백엔드 개발자 채용,서울거래(주)
https://www.saramin.co.kr/zf_user/jobs/relay/view?isMypage=no&rec_idx=50457760,취업축하금,Back-end Engineer (Platform Service Team),피에프씨테크놀로지스(주)
https://www.saramin.co.kr/zf_user/jobs/relay/view?isMypage=no&rec_idx=50495243,취업축하금,백엔드개발자 모집(11년~15년),(주)위버스브레인
https://www.saramin.co.kr/zf_user/jobs/relay/view?isMypage=no&rec_idx=50620828,급성장중,Robotics ACS 서비스 백엔드 개발팀원 모집,(주)시스콘로보틱스
https://www.saramin.co.kr/zf_user/jobs/relay/view?isMypage=no&rec_idx=50636871,,[경력] 백엔드 엔지니어,(주)스패로우
https://www.saramin.co.kr/zf_user/jobs/relay/view?isMypage=no&rec_idx=50637140,시리즈A 투자유치,[아콘소프트] 백엔드/서버 개발자 (13~20년),아콘소프트(주)
https://www.saramin.co.kr/zf_user/jobs/relay/view?isMypage=no&rec_idx=50650220,취업축하금,서버/백엔드 개발자,(주)룰루랩
https://www.saramin.co.kr/zf_user/jobs/relay/view?isMypage=no&rec_idx=50495261,취업축하금,백엔드개발자 모집(3년~5년),(주)위버스브레인
https://www.saramin.co.kr/zf_user/jobs/relay/view?isMypage=no&rec_idx=50621730,급성장중,[바이브온] 백엔드개발 경력직(3년이상) 모집,(주)바이브온코퍼레이션
https://www.saramin.co.kr/zf_user/jobs/relay/view?isMypage=no&rec_idx=50567094,인기있는,[주4.5일] Back end Developer(JAVA) 채용,(주)인라이플
https://www.saramin.co.kr/zf_user/jobs/relay/view?isMypage=no&rec_idx=50535092,"평균연봉 6,000 이상",카카오VX [계약직] 스크린백엔드개발팀 DB개발자 경력 채용,(주)카카오브이엑스
https://www.saramin.co.kr/zf_user/jobs/relay/view?isMypage=no&rec_idx=50495254,취업축하금,백엔드개발자 모집(6년~10년),(주)위버스브레인
https://www.saramin.co.kr/zf_user/jobs/relay/view?isMypage=no&rec_idx=50405849,급성장중,[주 37.5시간 근무] 이커머스 백엔드 개발자(경력자) 채용모집,(주)키우소
https://www.saramin.co.kr/zf_user/jobs/relay/view?isMypage=no&rec_idx=50139455,시리즈B 투자유치,[식스샵 프로] Node.js 백엔드 개발자 정규직 채용,(주)셀러허브
https://www.saramin.co.kr/zf_user/jobs/relay/view?isMypage=no&rec_idx=50535064,"평균연봉 6,000 이상",카카오VX [계약직] 스크린백엔드개발팀 DB개발자 신입 채용,(주)카카오브이엑스
https://www.saramin.co.kr/zf_user/jobs/relay/view?isMypage=no&rec_idx=50318377,시리즈A 투자유치,[서울거래 비상장] 백엔드 개발자 모집,서울거래(주)
